,nome,ativo,classes,classe_pred
252,brometo-de-rocuronio,brometo de rocurônio,"Solução Injetável, Bloqueador neuromuscular, Venda sob prescrição médica, Hospitalar",0
270,gesico-retard,Cloridrato de tramadol,"Solução, Analgésicos Narcóticos, Retenção - só pode ser vendido com retenção de receita",0
271,clonazepam,clonazepam,"Comprimido Revestido, Anticonvulsivantes, Venda sob prescrição médica. O abuso deste medicamento pode causar dependência, Genéricos",0
58,cloridrato-de-bupropiona,cloridrato de bupropiona,"Comprimido de Liberação Prolongada, Antidepressivos, Retenção - só pode ser vendido com retenção de receita, Genéricos",0
192,cloridrato-de-nortriptilina,cloridrato de nortriptilina,"Cápsula dura, Antidepressivos, Retenção - só pode ser vendido com retenção de receita, Genéricos",0
191,dopo,levonorgestrel,,0
276,quetiapina-hemifumarato-de,hemifumarato de quetiapina,"Comprimido Revestido de Liberação Prolongada, Antipsicóticos, Retenção - só pode ser vendido com retenção de receita, Genéricos",0
278,rebrive,sugamadex sódico,"Solução Injetável, Venda sob prescrição médica, Hospitalar",0
88,bup-xl,Cloridrato de bupropiona XL,"Antidepressivos, Retenção - só pode ser vendido com retenção de receita, Prescrição Médica",0
124,citrato-de-sildenafila,citrato de sildenafila,"Comprimido Revestido, Vasodilatadores, Venda sob prescrição médica, Genéricos",0
101,domperidona-suspensao-oral,domperidona,"Suspensão, Venda sob prescrição médica, Genéricos",0
287,cetoprofeno-solucao-oral-gotas,cetoprofeno,"Solução Gotas, Venda sob prescrição médica, Genéricos",0
126,esc-odt,oxalato de escitalopram,"Comprimido Orodispersível, Antidepressivos, Retenção - só pode ser vendido com retenção de receita, Prescrição Médica",0
239,desve,succinato de desvenlafaxina monoidratado,"Comprimido Revestido de Liberação Prolongada, Antidepressivos, Retenção - só pode ser vendido com retenção de receita, Prescrição Médica",0
128,cloridrato-de-fluoxetina,cloridrato de fluoxetina,"Cápsula dura, Antidepressivos, Retenção - só pode ser vendido com retenção de receita, Genéricos",0
46,lamotrigina,lamotrigina,"Comprimido, Anticonvulsivantes, Retenção - só pode ser vendido com retenção de receita, Genéricos",0
129,bup,cloridrato de bupropiona,"Comprimido Revestido de Liberação Lenta, Antidepressivos, Retenção - só pode ser vendido com retenção de receita, Prescrição Médica",0
293,desogestrel-etinilestradiol-30mg,desogestrel + etinilestradiol,"Comprimido, Anticoncepcionais, Venda sob prescrição médica, Genéricos",0
194,cloridrato-de-paroxetina,cloridrato de paroxetina,"Comprimido Revestido, Antidepressivos, Retenção - só pode ser vendido com retenção de receita, Genéricos",0
90,risperidona,risperidona,"Comprimido Revestido, Neurolépticos, Retenção - só pode ser vendido com retenção de receita, Genéricos",0
195,topiramato,topiramato,"Comprimido Revestido, Anticonvulsivantes, Retenção - só pode ser vendido com retenção de receita, Genéricos",0
266,pondera-40-mg,cloridrato de paroxetina,"Comprimido Revestido, Antidepressivos, Retenção - só pode ser vendido com retenção de receita, Prescrição Médica",0
110,olmesartana-medoxomila,olmesartana medoxomila,"Comprimido Revestido, Anti-hipertensivos, Venda sob prescrição médica, Genéricos",0
80,rivaroxabana-10mg,rivaroxabana,"Comprimido, Venda sob prescrição médica, Genéricos",0
208,paracetamol-fosfato-de-codeina,paracetamol + fosfato de codeína,"Comprimido, Analgésicos Narcóticos, Retenção - só pode ser vendido com retenção de receita, Genéricos",0
84,pregabalina,pregabalina,"Cápsula dura, Anticonvulsivantes, Retenção - só pode ser vendido com retenção de receita, Genéricos",0
212,atenolol-clortalidona,atenolol + clortalidona,"Comprimido, Venda sob prescrição médica, Genéricos",0
76,bicerto-iv,cetoprofeno,"Solução para Infusão, Anti-inflamatórios, Venda sob prescrição médica, Hospitalar",0
203,pondera-20-mg,cloridrato de paroxetina,"Comprimido Revestido, Antidepressivos, Retenção - só pode ser vendido com retenção de receita, Prescrição Médica",0
199,antara,levetiracetam,"Comprimido Revestido, Retenção - só pode ser vendido com retenção de receita, Prescrição Médica",0
254,cloridrato-de-venlafaxina,cloridrato de venlafaxina,"Cápsula dura, Antidepressivos, Retenção - só pode ser vendido com retenção de receita, Genéricos",0
256,sertralina-cloridrato-de-25mg,cloridrato de sertralina,"Comprimido Revestido, Antidepressivos, Retenção - só pode ser vendido com retenção de receita, Genéricos",0
257,paco,(paracetamol + fosfato de codeína),"Comprimido, Analgésicos Narcóticos, Retenção - só pode ser vendido com retenção de receita, Prescrição Médica",0
70,tunta,cloridrato de propafenona,"Comprimido Revestido, Antiarrítmicos, Venda sob prescrição médica, Prescrição Médica",0
69,tramadol-cloridrato-de-2,cloridrato de tramadol,"Solução, Analgésicos Narcóticos, Retenção - só pode ser vendido com retenção de receita, Genéricos",0
107,limiar,Pregabalina,"Cápsula dura, Anticonvulsivantes, Venda sob prescrição médica, Prescrição Médica",0
241,succinato-de-desvenlafaxina-monoidratado,succinato de desvenlafaxina monoidratado,"Comprimido Revestido de Liberação Prolongada, Antidepressivos, Retenção - só pode ser vendido com retenção de receita, Genéricos",0
261,cloridrato-de-metilfenidato,Cloridrato de metilfenidato,"Comprimido, Retenção - só pode ser vendido com retenção de receita, Genéricos",0
118,oxalato-de-escitalopram-comprimido,"escitalopram, oxalato de","Comprimido Revestido, Antidepressivos, Retenção - só pode ser vendido com retenção de receita, Genéricos",0
63,dejavu,(citrato de sildenafila),"Comprimido Revestido, Vasodilatadores, Venda sob prescrição médica, Prescrição Médica",0
295,domperix-suspensao-oral,domperidona,"Suspensão, Venda sob prescrição médica, Prescrição Médica",0
236,gesico-duo,"37,5 mg de cloridrato de tramadol + 325,0 mg de paracetamol.","Comprimido Revestido, Analgésicos Narcóticos, Retenção - só pode ser vendido com retenção de receita",0
357,quet-xr,hemifumarato de quetiapina,"Comprimido Revestido de Liberação Prolongada, Antipsicóticos, Retenção - só pode ser vendido com retenção de receita, Prescrição Médica",0
19,duloxetina-cloridrato-de,cloridrato de duloxetina,"Cápsula dura de liberação retardada, Antidepressivos, Retenção - só pode ser vendido com retenção de receita, Genéricos",0
333,cloridrato-de-propafenona,cloridrato de propafenona,"Comprimido Revestido, Antiarrítmicos, Venda sob prescrição médica, Genéricos",0
144,carbonato-de-litio,carbonato de lítio,"Comprimido Revestido, Neurolépticos, Retenção - só pode ser vendido com retenção de receita, Genéricos",0
337,tramadol-cloridrato-de,cloridrato de tramadol,"Solução, Analgésicos Narcóticos, Retenção - só pode ser vendido com retenção de receita, Genéricos",0
15,pondera-10mg-30mg,cloridrato de paroxetina,"Comprimido Revestido, Antidepressivos, Retenção - só pode ser vendido com retenção de receita, Prescrição Médica",0
14,losartana-potassica,losartana potássica,"Comprimido Revestido, Anti-hipertensivos, Venda sob prescrição médica, Genéricos",0
340,olanzapina-comprimido,olanzapina,"Comprimido, Antipsicóticos, Retenção - só pode ser vendido com retenção de receita, Genéricos",0
210,zydena,Informação não disponível,,0
343,riss,risperidona,"Comprimido Revestido, Neurolépticos, Retenção - só pode ser vendido com retenção de receita, Prescrição Médica",0
350,vartaz,valsartana,"Comprimido Revestido, Anti-hipertensivos, Venda sob prescrição médica",0
7,alprazolam,alprazolam,"Comprimido, Ansiolíticos Simples, Venda sob prescrição médica. O abuso deste medicamento pode causar dependência, Genéricos",0
99,oxalato-de-escitalopram-solucao-oral,"escitalopram, oxalato de","Solução Gotas, Retenção - só pode ser vendido com retenção de receita, Genéricos",0
352,quet,hemifumarato de quetiapina,Prescrição Médica,0
354,valsartana,valsartana,"Comprimido Revestido, Vasodilatadores, Anti-hipertensivos, Venda sob prescrição médica, Genéricos",0
355,levetiracetam-1,levetiracetam,"Comprimido Revestido, Anticonvulsivantes, Venda sob prescrição médica, Genéricos",0
356,citalopram,citalopram,"Comprimido Revestido, Antidepressivos, Retenção - só pode ser vendido com retenção de receita, Genéricos",0
346,cloridrato-de-remifentanila,cloridrato de remifentanila,"Solução Injetável, Venda sob prescrição médica, Hospitalar",0
234,pondera-15mg-25mg,cloridrato de paroxetina,"Comprimido Revestido, Antidepressivos, Retenção - só pode ser vendido com retenção de receita, Prescrição Médica",0
231,esc-solucao-oral,oxalato de escitalopram),"Solução, Retenção - só pode ser vendido com retenção de receita, Prescrição Médica",0
141,irbesartana-hidroclorotiazida,irbesartana + hidroclorotiazida,"Comprimido, Anti-hipertensivos, Venda sob prescrição médica, Genéricos",0
92,cloridrato-amitriptilina,cloridrato de amitriptilina,"Comprimido Revestido, Antidepressivos, Retenção - só pode ser vendido com retenção de receita, Genéricos",0
302,esc,oxalato de escitalopram,"Comprimido, Antidepressivos, Retenção - só pode ser vendido com retenção de receita, Prescrição Médica",0
93,cetoprofeno-i-v,cetoprofeno,"Pó Liofilizado para Solução Injetável, Venda sob prescrição médica, Hospitalar",0
173,hemifumarato-de-quetiapina,hemifumarato de quetiapina,"Comprimido Revestido, Antipsicóticos, Retenção - só pode ser vendido com retenção de receita, Genéricos",0
305,indapamida,indapamida,"Comprimido Revestido de Liberação Prolongada, Diuréticos Simples, Venda sob prescrição médica, Genéricos",0
136,desogestrel-etinilestradiol-20mg,desogestrel + etinilestradiol,"Comprimido, Anticoncepcionais, Venda sob prescrição médica, Genéricos",0
308,cloridrato-de-bupropiona-12-horas,cloridrato de bupropiona,"Comprimido de Liberação Prolongada, Antidepressivos, Retenção - só pode ser vendido com retenção de receita, Genéricos",0
171,attenze-10mg,cloridrato de metilfenidato,"Comprimido, Antipsicóticos, Venda sob prescrição médica, Prescrição Médica, Concentração, foco, produtividade, atenção, falta de atenção, desatenção, desatento, hiperativo , agitação, aumentar a produtividade, aumentar o foco, mais concentração, melhorar a concentração, hiperatividade, TDAH, transtorno do Déficit de Atenção com Hiperatividade, Déficit de Atenção, criança agitada, impulsividade, desorganização, hiperativo-impulsivo",0
328,plaq,bissulfato de clopidogrel,"Comprimido Revestido, Venda sob prescrição médica, Prescrição Médica",0
311,bissulfato-de-clopidogrel,bissulfato de clopidogrel,"Comprimido Revestido, Venda sob prescrição médica, Genéricos",0
314,cloridrato-de-sertralina,cloridrato de sertralina,"Comprimido Revestido, Antidepressivos, Retenção - só pode ser vendido com retenção de receita, Genéricos",0
315,domperix-comprimido,domperidona,"Suspensão, Venda sob prescrição médica, Prescrição Médica",0
28,amato,topiramato,"Comprimido Revestido, Anticonvulsivantes, Retenção - só pode ser vendido com retenção de receita, Prescrição Médica",0
235,pisa,dicloridrato de pramipexol,"Comprimido de Liberação Prolongada, Antiparkisonianos, Retenção - só pode ser vendido com retenção de receita, Prescrição Médica",0
166,pondera-xr,Cloridrato de paroxetina,"Comprimido Revestido de Liberação Prolongada, Antidepressivos, Retenção - só pode ser vendido com retenção de receita, Prescrição Médica",0
25,venlaxin,cloridrato de venlafaxina,"Cápsula dura, Antidepressivos, Retenção - só pode ser vendido com retenção de receita, Prescrição Médica",0
140,domperidona-comprimido,domperidona,"Suspensão, Venda sob prescrição médica, Genéricos",0
246,gesico,Cloridrato de tramadol,"Solução, Analgésicos Narcóticos, Retenção - só pode ser vendido com retenção de receita",0
213,ebastel,ebastina,"Comprimido, Suspensão, Xarope, Anti-histamínicos Sistêmicos, Medicamento isento de prescrição, Isento de Prescrição",1
215,intra-gel,Lubrificante intimo,Isento de Prescrição,1
214,perivasc,diosmina + hesperidina,"Comprimido Revestido, Antivaricosos de ação sistêmica, Venda sob prescrição médica, Prescrição Médica",1
186,trimeb,maleato de trimebutina,"Cápsula mole, Antiespasmódicos, Venda sob prescrição médica, Prescrição Médica",1
206,tadalafila-20mg,Tadalafila,"Comprimido Revestido, Vasodilatadores, Venda sob prescrição médica, Genéricos",1
155,desogestrel-2,desogestrel,"Comprimido Revestido, Anticoncepcionais, Venda sob prescrição médica, Genéricos",1
157,cilostazol,cilostazol,"Comprimido, Antitrombótico, Venda sob prescrição médica, Genéricos",1
158,cloridrato-de-memantina,Cloridrato de memantina,"Comprimido Revestido, Retenção - só pode ser vendido com retenção de receita, Genéricos",1
161,nimesulida-comprimido,Informação não disponível,"Comprimido, Anti-inflamatórios, Venda sob prescrição médica, Genéricos",1
162,don-5mg,cloridrato de donepezila,"Comprimido Revestido, Retenção - só pode ser vendido com retenção de receita, Prescrição Médica",1
163,risedronato,risedronato sódico,"Comprimido Revestido, Supressores da reabsorção ossea, Venda sob prescrição médica, Genéricos",1
169,zart,losartana potássica,"Comprimido Revestido, Anti-hipertensivos, Venda sob prescrição médica",1
175,pantoprazol-comprimido,pantoprazol sódico sesqui-hidratado,"Comprimido, Venda sob prescrição médica, Genéricos",1
178,acetato-de-clormadinona-etinilestradiol,clormadinona + etinilestradiol,"Granulado Revestido, Anticoncepcionais, Venda sob prescrição médica, Genéricos",1
180,dexalgen,"fosfato dissódico de dexametasona, cloridrato de tiamina, cloridrato de piridoxina, cianocobalamina","Solução Injetável, Anti-inflamatórios, Venda sob prescrição médica, Prescrição Médica",1
182,dicloridrato-de-levocetirizina,dicloridrato de levocetirizina,"Comprimido Revestido, Antialérgicos, Medicamento isento de prescrição, Genéricos",1
183,piemonte-4,montelucaste de sódio,,1
189,dacarb,dacarbazina,"Pó Liofilizado para Solução Injetável, Antineoplásicos, Venda sob prescrição médica, Oncologia",1
196,celecoxibe,celecoxibe,"Cápsula dura, Venda sob prescrição médica, Genéricos",1
198,aceclofenaco-100-mg,aceclofenaco,"Comprimido Revestido, Anti-inflamatórios, Venda sob prescrição médica, Genéricos",1
207,mesna,mesna,"Solução Injetável, Antineoplásicos, Venda sob prescrição médica, Oncologia",1
224,heptar,heparina sódica bovina,"Solução Injetável, Anticoagulantes, Venda sob prescrição médica, Hospitalar",1
0,trimusk,cafeína + carisoprodol + diclofenaco sódico + paracetamol,"Comprimido, Relaxantes Musculares, Venda sob prescrição médica, Prescrição Médica",1
227,versa-hospitalar,enoxaparina sódica,"Solução Injetável, Anticoagulantes, Venda sob prescrição médica, Hospitalar",1
292,melocox-injetavel,meloxicam,Comprimido,1
294,montelucaste-de-sodio,montelucaste de sódio,"Comprimido, Antiasmáticos, Venda sob prescrição médica, Genéricos",1
297,don-10mg,cloridrato de donepezila,"Comprimido Revestido, Retenção - só pode ser vendido com retenção de receita, Prescrição Médica",1
298,nuvyor-1,lenalidomida,"Cápsula dura, Venda sob prescrição médica, Oncologia",1
301,melocox-comprimido,meloxicam,"Solução Injetável, Anti-inflamatórios, Venda sob prescrição médica",1
303,holmes-h,olmesartana medoxomila + hidroclorotiazida,"Comprimido Revestido, Venda sob prescrição médica, Prescrição Médica",1
304,maleato-de-trimebutina,maleato de trimebutina,"Cápsula mole, Antiespasmódicos, Venda sob prescrição médica, Genéricos",1
306,amora,acetato de clormadinona + etinilestradiol,"Granulado Revestido, Anticoncepcionais, Venda sob prescrição médica",1
310,bilastina,bilastina,"Comprimido, Anti-histamínicos Sistêmicos, Venda sob prescrição médica, Genéricos",1
290,olmesartana-medoxomila-hidroclorotiazida,olmesartana medoxomila + hidroclorotiazida,"Comprimido Revestido, Venda sob prescrição médica, Genéricos",1
320,pantocal-comprimido,(pantoprazol sódico sesqui-hidratado),,1
325,eroxym,pemetrexede dissódico,"Pó Liofilizado para Solução Injetável, Antineoplásicos, Venda sob prescrição médica, Oncologia",1
327,turno-1,hemitartarato de zolpidem,"Comprimido Revestido, Hipnóticos, Venda sob prescrição médica, Prescrição Médica",1
329,drospirenona-etinilestradiol-3-mg-002-mg,drospirenona + etinilestradiol,"Comprimido Revestido, Anticoncepcionais, Venda sob prescrição médica, Genéricos",1
330,acebrofilina-25mg-e-50mg,acebrofilina,"Cápsula dura com pó para inalação, Broncodilatadores, Venda sob prescrição médica, Genéricos",1
335,mesilato-de-doxazosina,mesilato de doxazosina,"Comprimido, Anti-hipertensivos, Venda sob prescrição médica, Genéricos",1
339,meloxicam-comprimido,meloxicam,"Comprimido, Anti-inflamatórios, Venda sob prescrição médica, Genéricos",1
342,primera-20,(desogestrel + etinilestradiol),"Comprimido, Anticoncepcionais, Venda sob prescrição médica",1
351,zina,Dicloridrato de levocetirizina,"Comprimido Revestido, Antialérgicos, Medicamento isento de prescrição",1
353,tadalafila-5mg,Tadalafila,"Comprimido Revestido, Vasodilatadores, Venda sob prescrição médica, Genéricos",1
324,pantocal-po,pantoprazol sódico sesqui-hidratado,"Pó Liofilizado para Solução Injetável, Antiulcerosos, Venda sob prescrição médica, Hospitalar",1
225,cloridrato-de-ciclobenzaprina,cloridrato de ciclobenzaprina,"Comprimido Revestido, Relaxantes Musculares, Venda sob prescrição médica, Genéricos",1
289,dienogeste,dienogeste,"Comprimido Revestido, Progestagenos Simples, Venda sob prescrição médica, Genéricos",1
282,nitrato-de-fenticonazol,nitrato de fenticonazol,"Creme, Antimicóticos Para Uso Tópico, Venda sob prescrição médica, Genéricos",1
229,dipropionato-betametasona-fosfato-dissodico-de-betametasona,dipropionato betametasona + fosfato dissódico de betametasona,"Suspensão Injetável, Glicocorticóides Sistêmicos, Venda sob prescrição médica, Genéricos",1
230,stub,cloridrato de tansulosina,,1
242,esio,esomeprazol sódico,"Suspensão Injetável, Antiácidos e Antiulcerosos Associados, Venda sob prescrição médica, Hospitalar",1
243,dicloridrato-de-betaistina,dicloridrato de betaistina,"Comprimido, Antivertiginosos, Venda sob prescrição médica, Genéricos",1
247,cloridrato-de-dexmedetomidina,cloridrato de dexmedetomidina,"Solução Injetável, Hipnóticos, Retenção - só pode ser vendido com retenção de receita, Hospitalar",1
248,antisseptico-bucal-oaz,,"Medicamento isento de prescrição, Cuidados Pessoais",1
249,finasterida,finasterida,"Comprimido Revestido, Inibidores da Alfa-Redutase, Venda sob prescrição médica, Genéricos",1
250,piemonte-1,montelucaste de sódio,"Comprimido Mastigável, Comprimido Revestido, Granulado, Antiasmáticos, Venda sob prescrição médica, Prescrição Médica",1
251,sonic,cloridrato de trazodona,"Comprimido Revestido, Venda sob prescrição médica, Prescrição Médica",1
288,drospirenona-etinilestradiol,drospirenona + etinilestradiol,"Comprimido Revestido, Anticoncepcionais, Venda sob prescrição médica, Genéricos",1
154,pergo,dicloridrato de hidroxizina,"Solução, Anti-histamínicos Sistêmicos, Venda sob prescrição médica, Prescrição Médica",1
258,proazitax,cabazitaxel,"Solução Injetável + Diluente, Antineoplásicos, Venda sob prescrição médica, Oncologia",1
259,dicloridrato-de-pramipexol,dicloridrato de pramipexol,"Comprimido de Liberação Prolongada, Antiparkisonianos, Retenção - só pode ser vendido com retenção de receita, Genéricos",1
265,cloridrato-de-granisetrona,cloridrato de granisetrona,"Solução Injetável, Venda sob prescrição médica, Oncologia",1
267,angino-rub,cloridrato de benzidamina,"Pastilha, Anti-inflamatórios, Produtos Para Orofaringe, Anestésicos Locais, Medicamento isento de prescrição, Isento de Prescrição",1
269,proflam-creme,aceclofenaco,"Creme, Anti-inflamatórios, Medicamento isento de prescrição, Isento de Prescrição",1
272,crevagin,tinidazol + nitrato de miconazol,"Creme, Venda sob prescrição médica",1
275,antrofi,Promestrieno,"Creme, Estrógenos Simples, Venda sob prescrição médica",1
279,enantato-de-noretisterona-valerato-de-estradiol,enantato de noretisterona + valerato de estradiol,"Anticoncepcionais, Venda sob prescrição médica, Solução injetável",1
280,acetilcisteina-xarope-120ml,acetilcisteína,"Xarope, Expectorantes Balsâmicos e Mucolíticos, Medicamento isento de prescrição, Genéricos",1
253,fiprima,filgrastim (G-CSF),"Solução Injetável, Venda sob prescrição médica, Oncologia",1
153,tamisa-20,(gestodeno + etinilestradiol),"Drágea, Anticoncepcionais, Venda sob prescrição médica, Prescrição Médica",1
358,espironolactona,espironolactona,"Comprimido, Diuréticos Simples, Venda sob prescrição médica, Genéricos",1
85,tricit,citrato de sódio di-hidratado,"Solução para Hemodiálise, Produtos para Hemodiálise, Venda sob prescrição médica, Hospitalar",1
67,ganciclovir-sodico,ganciclovir sódico,"Pó Liofilizado para Solução Injetável + Diluente, Antiviróticos, Venda sob prescrição médica, Hospitalar",1
125,heimer,Cloridrato de Memantina,"Comprimido Revestido, Retenção - só pode ser vendido com retenção de receita, Prescrição Médica",1
29,carisoprodol-cafeina-diclofenaco-sodico-paracetamol,cafeína + carisoprodol + diclofenaco sódico + paracetamol,"Comprimido, Relaxantes Musculares, Venda sob prescrição médica, Genéricos",1
123,itraconazol,Itraconazol,"Cápsula dura, Antimicóticos Sistêmicos, Venda sob prescrição médica, Genéricos",1
66,molieri-20,Drospirenona + etinilestradiol,"Comprimido Revestido, Anticoncepcionais, Venda sob prescrição médica",1
102,ibandronato-de-sodio-monoidratado,"ibandronato, de sódio monoidratado","Comprimido Revestido, Venda sob prescrição médica, Genéricos",1
35,rivaxa,rivaroxabana,"Comprimido Revestido, Antitrombótico, Anticoagulantes, Prescrição Médica",1
36,selene,(etinilestradiol + acetato de ciproterona),"Comprimido Revestido, Venda sob prescrição médica, Prescrição Médica",1
37,turno-sl,hemitartarato de zolpidem,"Comprimido, Hipnóticos, Retenção - só pode ser vendido com retenção de receita, Prescrição Médica",1
119,elome,"3,5 mg bortezomibe","Solução Injetável, Inibidores da Alfa-Redutase, Venda sob prescrição médica, Oncologia",1
39,betina,dicloridrato de betaistina),"Comprimido, Antivertiginosos, Venda sob prescrição médica, Prescrição Médica",1
87,snif-3,cloreto de sódio,"Solução, Descongestionantes Nasais Tópicos, Medicamento isento de prescrição",1
115,tenoxicam,tenoxicam,"Pó Liofilizado para Solução Injetável + Diluente, Anti-inflamatórios, Venda sob prescrição médica, Hospitalar",1
65,proflam-comprimido,aceclofenaco,"Creme, Anti-inflamatórios, Medicamento isento de prescrição, Prescrição Médica",1
60,aciclovir-2,aciclovir,"Pó Liofilizado para Solução Injetável, Antiviróticos, Venda sob prescrição médica, Genéricos",1
42,dixil,Minoxidil,"Venda sob prescrição médica, Prescrição Médica",1
57,prednisolona-2,prednisolona,"Comprimido, Glicocorticóides Sistêmicos, Venda sob prescrição médica, Genéricos",1
44,primera-30,desogestrel + etinilestradiol,"Comprimido, Anticoncepcionais, Venda sob prescrição médica",1
47,algestona-acetofenida-enantato-de-estradiol,algestona acetofenida + enantato de estradiol,"Solução Injetável, Anticoncepcionais, Venda sob prescrição médica, Genéricos",1
112,naire,bilastina,"Comprimido, Anti-histamínicos Sistêmicos, Venda sob prescrição médica, Prescrição Médica",1
48,omeprazol-sodico,omeprazol sódico,"Pó Liofilizado para Solução Injetável + Diluente, Antiulcerosos, Venda sob prescrição médica, Hospitalar",1
49,hidroxizina-dicloridrato-de,dicloridrato de hidroxizina,"Solução, Anti-histamínicos Sistêmicos, Venda sob prescrição médica, Genéricos",1
109,agua-para-injetaveis,água para injetáveis,"Solução Injetável, Diluentes e Veículos de Medicamentos, Venda sob prescrição médica, Hospitalar",1
55,musculare,cloridrato de ciclobenzaprina,"Comprimido Revestido, Relaxantes Musculares, Venda sob prescrição médica",1
108,fisiologico,cloreto de sódio,"Solução Injetável, Reidratantes Parenterais, Venda sob prescrição médica, Hospitalar",1
106,altiva,Cloridrato de fexofenadina,"Comprimido Revestido, Anti-histamínicos Sistêmicos, Medicamento isento de prescrição, Isento de Prescrição",1
105,acetilcisteina-xarope-40,acetilcisteína,"Xarope, Expectorantes Balsâmicos e Mucolíticos, Medicamento isento de prescrição, Genéricos",1
54,cloridrato-de-doxorrubicina,cloridrato de doxorrubicina,"Pó Liofilizado para Solução Injetável, Antibióticos Antineoplásicos, Venda sob prescrição médica, Oncologia",1
27,pantoprazol-po,pantoprazol sódico sesqui-hidratado,"Pó Liofilizado para Solução Injetável, Antiácidos e Antiulcerosos, Venda sob prescrição médica, Hospitalar",1
98,noex,budesonida,"Suspensão Spray Nasal, Venda sob prescrição médica",1
97,prysma,eszopiclona,"Hipnóticos, Retenção - só pode ser vendido com retenção de receita, Prescrição Médica, Comprimido revestido",1
149,prednisolona-3,fosfato sódico de prednisolona,"Solução, Glicocorticóides Sistêmicos, Venda sob prescrição médica, Genéricos",1
2,versa,enoxaparina sódica,"Solução Injetável, Anticoagulantes, Venda sob prescrição médica, Prescrição Médica",1
3,bicerto,cetoprofeno,Prescrição Médica,1
4,fosfato-dissdico-de-dexametasona-cloridrato-de-tiamina-cloridrato-de-piridoxina-cianocobalamina,"fosfato dissódico de dexametasona, cloridrato de tiamina, cloridrato de piridoxina, cianocobalamina","Anti-inflamatórios, Venda sob prescrição médica, Genéricos",1
5,molieri-30,drospirenona + etinilestradiol,"Comprimido Revestido, Anticoncepcionais, Venda sob prescrição médica",1
6,ceftriaxona-sodica-i-v,ceftriaxona sódica,"Pó para Solução Injetável, Cefalosporinas, Retenção - só pode ser vendido com retenção de receita, Hospitalar",1
89,esio-comprimido,esomeprazol magnésico,"Pó Liofilizado para Solução Injetável, Antiulcerosos, Venda sob prescrição médica, Prescrição Médica",1
143,artico-caps,sulfato de glicosamina + sulfato de condroitina,"Cápsula mole, Outros Produtos Com Ação no Sistema Músculo Esquelético, Venda sob prescrição médica",1
82,coques,celecoxibe,"Venda sob prescrição médica, Prescrição Médica, Comprimido revestido",1
91,leg,desloratadina,"Comprimido, Comprimido Revestido, Xarope, Anti-histamínicos Sistêmicos, Antialérgicos, Antitussígenos Simples, Medicamento isento de prescrição, Isento de Prescrição",1
78,alendronato-de-sodio-70mg-4cpr,alendronato de sódio,"Comprimido, Supressores da reabsorção ossea, Venda sob prescrição médica, Genéricos",1
130,hemitartarato-de-zolpidem,hemitartarato de zolpidem,"Comprimido, Hipnóticos, Retenção - só pode ser vendido com retenção de receita, Genéricos",1
13,promestrieno,promestrieno,"Creme, Estrógenos Simples, Venda sob prescrição médica, Genéricos",1
12,tinidazol-nitrato-de-miconazol,"tinidazol,  nitrato de miconazol","Creme, Venda sob prescrição médica, Genéricos",1
134,amalfi,isotretinoína,"Cápsula mole, Anti-inflamatórios, Venda sob prescrição médica, Prescrição Médica",1
131,meloxicam-injetavel,meloxicam,"Solução Injetável, Anti-inflamatórios, Venda sob prescrição médica, Genéricos",1
132,ventus,furoato de mometasona,"Solução, Venda sob prescrição médica, Prescrição Médica, Corticosteróides Nasais",1
96,lugano,fumarato de formoterol di-hidratado + propionato de fluticasona,"Cápsula dura com pó para inalação, Antiasmáticos, Venda sob prescrição médica",1
23,preni,PREDNISOLONA,"Comprimido, Venda sob prescrição médica, Prescrição Médica",1
22,montelucaste-de-sodio-sache,montelucaste de sódio,"Granulado, Antiasmáticos, Venda sob prescrição médica, Genéricos",1
74,anaten,Atenolol + besilato de anlodipino,,1
51,tansulosina,Tansulosina,"Cápsula dura, Venda sob prescrição médica, Genéricos",1
21,desloratadina-xpe,desloratadina,"Xarope, Anti-histamínicos Sistêmicos, Medicamento isento de prescrição, Genéricos",1
71,acetilcisteina-granulado,acetilcisteína,"Granulado, Expectorantes Balsâmicos e Mucolíticos, Medicamento isento de prescrição, Genéricos",1
18,mesilato-de-imatinibe,mesilato de imatinibe,"Comprimido Revestido, Antineoplásicos, Venda sob prescrição médica, Oncologia",1
137,zolpidem-hemitartarato-de-5mg-sublingual,hemitartarato de zolpidem,"Comprimido, Hipnóticos, Retenção - só pode ser vendido com retenção de receita, Genéricos",1
16,snif-jet-9mg,cloreto de sódio,"Medicamento isento de prescrição, Isento de Prescrição",1
83,amoxicilina,amoxicilina tri-hidratada,"Comprimido Revestido, Penicilina de Amplo Espectro, Retenção - só pode ser vendido com retenção de receita, Genéricos",2
260,cefadroxila,cefadroxila,"Pó para Suspensão, Antibióticos Sistêmicos Simples, Retenção - só pode ser vendido com retenção de receita, Genéricos",2
77,foritus,cloridrato de ciprofloxacino,Prescrição Médica,2
244,astro-comprimido,azitromicina di-hidratada,"Pó para Suspensão + Diluente, Antibióticos Sistêmicos Simples, Retenção - só pode ser vendido com retenção de receita, Prescrição Médica",2
274,amoxicilina-2,amoxicilina tri-hidratada + clavulanato de potássio,"Comprimido Revestido, Retenção - só pode ser vendido com retenção de receita, Genéricos",2
264,azitromicina-suspensao-oral,azitromicina,"Pó para Suspensão + Diluente, Antibióticos Sistêmicos Simples, Retenção - só pode ser vendido com retenção de receita, Genéricos",2
152,tamiram-750mg,levofloxacino hemi-hidratado,Prescrição Médica,2
283,fosfato-dissodico-dexametasona,fosfato dissódico de dexametasona,"Solução para Infusão, Glicocorticóides Sistêmicos, Venda sob prescrição médica, Hospitalar, Solução injetável",2
1,floripa-1,Probiótico BB12 (Bifidobacterium animalis subsp. lactis),"Solução Gotas, Medicamento isento de prescrição, Isento de Prescrição",2
8,berk,acetato de caspofungina,"Pó Liofilizado para Solução Injetável, Antifúngicos, Venda sob prescrição médica, Hospitalar",2
348,triancinolona-acetonida,Triancinolona Acetonida,"Pomada, Venda sob prescrição médica, Genéricos",2
347,ginna-brasil,nitrato de fenticonazol,"Creme, Antimicóticos Para Uso Tópico, Venda sob prescrição médica",2
344,cetoconazol-dipropionato-de-betametasona,cetoconazol + dipropionato de betametasona,"Pomada, Antifúngicos, Venda sob prescrição médica, Genéricos",2
10,valerato-de-betametasona-sulfato-de-gentamicina-tolnaftato-clioquinol-2,valerato de betametasona + sulfato de gentamicina + tolnaftato + clioquinol,,2
341,tamiram-500mg,levofloxacino hemi-hidratado,"Comprimido Revestido, Antibióticos Sistêmicos Simples, Retenção - só pode ser vendido com retenção de receita, Prescrição Médica",2
338,trok-pomada,cetoconazol + dipropionato de betametasona,"Pomada, Glicocorticóides Tópicos - Associação Medicamentosa, Venda sob prescrição médica, Prescrição Médica",2
20,linezolida,linezolida,"Solução Injetável, Antibióticos Sistêmicos Simples, Retenção - só pode ser vendido com retenção de receita, Hospitalar",2
323,levofloxacino,levofloxacino hemi-hidratado,"Comprimido Revestido, Antibióticos Sistêmicos Simples, Venda sob prescrição médica, Genéricos",2
52,amoxicilina-clavulanato-de-potassio,amoxicilina + clavulanato de potássio,"Pó para Solução Injetável, Antibióticos Sistêmicos Simples, Retenção - só pode ser vendido com retenção de receita, Hospitalar",2
322,sinot-comprimido,amoxicilina tri-hidratada,"Pó para Suspensão, Antibióticos Sistêmicos Simples, Retenção - só pode ser vendido com retenção de receita, Prescrição Médica",2
317,trisk,daptomicina,"Pó Liofilizado para Solução Injetável, Antibióticos Sistêmicos Simples, Retenção - só pode ser vendido com retenção de receita, Hospitalar",2
316,trok-g-pomada,dipropionato de betametasona + sulfato de gentamicina,"Pomada, Anti-infecciosos Tópicos - Associações Medicamentosas, Retenção - só pode ser vendido com retenção de receita, Prescrição Médica",2
30,astro-solucao-oral,azitromicina,Prescrição Médica,2
32,furoato-de-mometasona,furoato de mometasona,"Suspensão Spray Nasal, Venda sob prescrição médica, Genéricos, Corticosteróides Nasais",2
299,ciprofloxacino,ciprofloxacino,"Solução para Infusão, Antibióticos Sistêmicos Simples, Venda sob prescrição médica, Hospitalar",2
40,levofloxacino-hemi-hidratado,levofloxacino hemi-hidratado,"Comprimido Revestido, Antibióticos Sistêmicos Simples, Venda sob prescrição médica, Genéricos",2
41,nitazoxanida,nitazoxanida,"Pó para Suspensão, Antiparasitários, Venda sob prescrição médica, Genéricos",2
43,astro-iv,azitromicina di-hidratada,"Pó Liofilizado para Solução Injetável, Antibióticos Sistêmicos Simples, Retenção - só pode ser vendido com retenção de receita, Hospitalar",2
45,cefadroxila-capsula-dura,cefadroxila,"Cápsula dura, Antibióticos Sistêmicos Simples, Retenção - só pode ser vendido com retenção de receita, Genéricos",2
50,meromax,Meropeném tri-hidratado,"Pó para Solução Injetável, Antibióticos Sistêmicos Simples, Venda sob prescrição médica, Hospitalar",2
319,subtrax,sulfametoxazol + trimetoprima,"Comprimido, Trimetoprima em associação com sulfas, Retenção - só pode ser vendido com retenção de receita, Prescrição Médica",2
300,cloridrato-moxifloxacino,cloridrato de moxifloxacino,"Solução para Infusão, Hospitalar",2
255,subtrax-2,sulfametoxazol + trimetoprima,"Suspensão, Trimetoprima em associação com sulfas, Retenção - só pode ser vendido com retenção de receita, Prescrição Médica",2
240,delabaxi,delafloxacino meglumina,"Pó Liofilizado para Solução Injetável, Antibióticos Sistêmicos Simples, Venda sob prescrição médica, Hospitalar",2
217,sulbactam-sodica-ampicilina-sodica,sulbactam sódico + ampicilina sódica,"Pó para Solução Injetável, Antibióticos Sistêmicos Simples, Retenção - só pode ser vendido com retenção de receita, Hospitalar",2
104,veac,voriconazol,"Comprimido Revestido, Antifúngicos, Venda sob prescrição médica, Hospitalar",2
111,amoxicilina-tri-hidratada-clavulanato-de-potassio-po-para-suspensao-oral,amoxicilina tri-hidratada + clavulanato de potássio,"Pó para Solução, Retenção - só pode ser vendido com retenção de receita, Genéricos",2
113,cloridrato-de-ciprofloxacino,Cloridrato de ciprofloxacino,"Comprimido, Venda sob prescrição médica, Genéricos",2
205,sulfato-de-polimixina-b,sulfato de polimixina B,"Pó Liofilizado para Solução Injetável, Antibióticos Sistêmicos Simples, Venda sob prescrição médica, Hospitalar",2
204,meropenem,meropenem tri-hidratado,"Pó para Solução Injetável, Antibióticos Sistêmicos Simples, Venda sob prescrição médica, Hospitalar",2
201,sinot-clav-po,amoxicilina tri-hidratada + clavulanato de potássio),"Comprimido, Retenção - só pode ser vendido com retenção de receita, Prescrição Médica",2
116,ceftriaxona-sodica-i-m,ceftriaxona sódica,"Pó para Solução Injetável + Diluente, Cefalosporinas, Retenção - só pode ser vendido com retenção de receita, Genéricos",2
197,dugar,tigeciclina,"Pó Liofilizado para Solução Injetável, Antibióticos Sistêmicos Simples, Venda sob prescrição médica, Hospitalar",2
86,trok-creme,cetoconazol + dipropionato de betametasona,"Creme, Glicocorticóides Tópicos - Associação Medicamentosa, Venda sob prescrição médica, Prescrição Médica",2
120,valerato-de-betametasona-sulfato-de-gentamicina-tolnaftato-clioquinol-pomada,valerato de betametasona + sulfato de gentamicina + tolnaftato + clioquinol,"Pomada, Glicocorticóides Sistêmicos, Venda sob prescrição médica, Genéricos",2
193,azitromicina-comprimido,azitromicina di-hidratada,"Comprimido, Antibióticos Sistêmicos Simples, Retenção - só pode ser vendido com retenção de receita, Genéricos",2
122,trok-n-2,cetoconazol + dipropionato de betametasona + sulfato de neomicina,"Creme, Glicocorticóides Tópicos - Associação Medicamentosa, Venda sob prescrição médica, Prescrição Médica",2
218,desloratadina,desloratadina,"Comprimido Revestido, Antialérgicos, Medicamento isento de prescrição, Genéricos",2
188,cetoprofeno-comprimido,cetoprofeno,"Comprimido, Venda sob prescrição médica, Genéricos",2
133,ampicilina,ampicilina,"Cápsula dura, Penicilina de Amplo Espectro, Retenção - só pode ser vendido com retenção de receita, Genéricos",2
176,amoxicilina-capsula,amoxicilina tri-hidratada,"Cápsula dura, Venda sob prescrição médica, Genéricos",2
174,trok-g-creme,dipropionato de betametasona + sulfato de gentamicina,"Creme, Anti-infecciosos Tópicos - Associações Medicamentosas, Retenção - só pode ser vendido com retenção de receita, Prescrição Médica",2
170,cefalexina-suspensaooral,cefalexina monoidratada,"Suspensão, Cefalosporinas, Retenção - só pode ser vendido com retenção de receita, Genéricos",2
138,cloridrato-de-fexofenadina,fexofenadina,"Comprimido Revestido, Anti-histamínicos Sistêmicos, Medicamento isento de prescrição, Genéricos",2
168,piperacilina-sodica-tazobactam-sodico,piperacilina sódica + tazobactam sódico,"Pó Liofilizado para Solução Injetável, Penicilinas Penicilinase - Resistentes, Retenção - só pode ser vendido com retenção de receita, Hospitalar",2
167,praiva-iv,cloridrato de moxifloxacino,,2
164,levofloxacino-iv,levofloxacino hemi-hidratado,"Solução Injetável, Antibióticos Sistêmicos Simples, Retenção - só pode ser vendido com retenção de receita, Hospitalar",2
142,amplacilina,ampicilina (na forma anidra),"Cápsula dura, Penicilina de Amplo Espectro, Retenção - só pode ser vendido com retenção de receita",2
160,cetoconazol-dipropionato-de-betametasona-sulfato-de-neomicina,cetoconazol + dipropionato de betametasona,,2
146,moxifloxacino-cloridrato-de,cloridrato de moxifloxacino,"Comprimido Revestido, Antibióticos Sistêmicos Simples, Retenção - só pode ser vendido com retenção de receita, Genéricos",2
147,veac-solucao-injetavel,voriconazol,"Pó Liofilizado para Solução Injetável, Antifúngicos, Venda sob prescrição médica, Hospitalar",2
156,amoxicilina-tri-hidratada,amoxicilina tri-hidratada,"Comprimido Revestido, Antibióticos Sistêmicos Simples, Retenção - só pode ser vendido com retenção de receita, Genéricos",2
187,cetoconazol-dipropionato-de-betametasona-sulfato-de-neomicina-creme,cetoconazol + dipropionato de betametasona,"Creme, Glicocorticóides Tópicos - Associação Medicamentosa, Venda sob prescrição médica, Genéricos",2
219,sinot-clav-comprimido,(amoxicilina tri-hidratada + clavulanato de potássio),"Pó para Suspensão, Retenção - só pode ser vendido com retenção de receita, Prescrição Médica",2
117,benzetacil,benzilpenicilina benzatina,"Suspensão Injetável, Penicilina G e Derivados (benzilpenicilinas), Retenção - só pode ser vendido com retenção de receita, Hospitalar",2
220,azox-suspensao,nitazoxanida,"Suspensão, Antiparasitários, Venda sob prescrição médica, Prescrição Médica",2
237,trok-n,cetoconazol + dipropionato de betametasona + sulfato de neomicina,"Pomada, Glicocorticóides Tópicos - Associação Medicamentosa, Venda sob prescrição médica, Prescrição Médica",2
232,prednisolona-1,prednisolona,"Comprimido, Glicocorticóides Sistêmicos, Venda sob prescrição médica, Genéricos",2
228,sinot-po,amoxicilina tri-hidratada,"Comprimido, Antibióticos Sistêmicos Simples, Retenção - só pode ser vendido com retenção de receita, Prescrição Médica",2
223,praiva,cloridrato de moxifloxacino,"Comprimido Revestido, Antibióticos Sistêmicos Simples, Retenção - só pode ser vendido com retenção de receita, Prescrição Médica",2
179,teicoplanina,teicoplanina,"Pó Liofilizado para Solução Injetável + Diluente, Antibióticos Sistêmicos Simples, Retenção - só pode ser vendido com retenção de receita, Hospitalar",2
216,pitavastatina-calcica,pitavastatina,"Comprimido Revestido, Antilipêmicos, Venda sob prescrição médica, Genéricos",3
336,feminis,"Óleo de peixe (veículo), mix de vitaminas e minerais (acetato de retinila, cloridrato de cloreto de tiamina, riboflavina, nicotinamida, D-pantotenato de cálcio, cloridrato de piridoxina, D-biotina, ácido fólico, cianocobalamina, ácido L-ascórbico, colecalciferol, DL alfa tocoferol, bisglicinato ferroso, óxido de zinco, sulfato de manganês, sulfato de cobre, iodeto de potássio, molibdato de sódio, picolinato de cromo e selenometionina), maltodextrina (veículo), água (veículo), gelficante gelatina, estabilizantes sorbitol e glicerina, emulsificante lecitina de soja, glaceante cera de abelha e corantes clorofila cúprica, carmim, óxido de ferro preto e dióxido de titânio.","Cápsula dura, Isento de Prescrição",3
17,cloridrato-de-sibutramina,cloridrato de sibutramina,"Cápsula dura, Anoréxicos Simples, Venda sob prescrição médica. O abuso deste medicamento pode causar dependência, Genéricos",3
334,dorto,(risedronato sódico),"Comprimido Revestido, Prescrição Médica",3
172,ruva,rosuvastatina cálcica,"Comprimido Revestido, Antilipêmicos, Venda sob prescrição médica, Prescrição Médica",3
332,perosteo,citrato malato de cálcio + vitamina D3,"Comprimido, Isento de Prescrição, Suplemento Alimentar",3
331,suganon-evoglipitina-1,TARTARATO DE EVOGLIPTINA,"Comprimido Revestido, Antidiabéticos, Venda sob prescrição médica, Prescrição Médica",3
135,norelbin,ditartarato de vinorelbina,"Solução Injetável, Antineoplásicos, Venda sob prescrição médica, Oncologia",3
151,flusan,fluoruracila,"Solução Injetável, Venda sob prescrição médica, Oncologia",3
72,dexfer,ferripolimaltose,"Comprimido, Solução Gotas, Xarope, Vitaminas, Venda sob prescrição médica, Prescrição Médica",3
177,testosterona-undecilato-de,undecilato de testosterona,"Solução Injetável, Andrógenos Simples, Retenção - só pode ser vendido com retenção de receita, Genéricos",3
326,tamisa-15,gestodeno+etinilestradiol,"Comprimido Revestido, Anticoncepcionais, Venda sob prescrição médica, Prescrição Médica",3
24,tada,tadalafila,,3
26,ifosfamida,ifosfamida,"Pó Liofilizado para Solução Injetável, Antineoplásicos, Venda sob prescrição médica, Oncologia",3
273,maqsenior,"citrato malato de cálcio, bisglicinato de magnésio, malato dicálcio, malato dimagnésio, ácido ascórbico, bisglicinato de zinco, molibdato de sódio, niacinamida, bisglicinato de manganês, succinato ácido de dl-alfa-tocoferol, bisglicinato cúprico, d-pantotenato de cálcio, selenito de sódio, beta caroteno, biotina, ácido fólico, colecalciferol, piridoxina hcl, riboflavina, tiamina mononitrato, picolinato de cromo, iodeto de potássio, cianocobalamina. Aditivos: estabilizantes celulose microcristalina, croscarmelose sódica, hipromelose, etilcelulose, triacetina, estearato de magnésio, dióxido de silício e corantes dióxido de titânio, óxido de ferro vermelho, óxido de ferro amarelo e óxido de ferro marrom.",Isento de Prescrição,3
181,isotretinoina-20mg,isotretinoína,"Cápsula mole, Retenção - só pode ser vendido com retenção de receita, Genéricos",3
73,oxaliplatina,oxaliplatina,"Pó Liofilizado para Solução Injetável, Citostáticos Alquilantes, Venda sob prescrição médica, Oncologia",3
233,corretal,capecitabina,"Comprimido Revestido, Venda sob prescrição médica, Oncologia",3
75,betatrinta,dipropionato de betametasona + fosfato dissódico de betametasona,"Suspensão Injetável, Glicocorticóides Sistêmicos, Venda sob prescrição médica, Prescrição Médica",3
95,bicalutamida,bicalutamida,"Comprimido Revestido, Antineoplásicos, Venda sob prescrição médica, Oncologia",3
150,perlatte,Lactase,"Medicamento isento de prescrição, Isento de Prescrição",3
148,zart-h,losartana potássica + hidroclorotiazida,"Comprimido Revestido, Venda sob prescrição médica",3
245,tamisa-sem-parar,gestodeno + etinilestradiol,"Drágea, Anticoncepcionais, Venda sob prescrição médica, Prescrição Médica",3
238,duomo-hp,mesilato de doxasozina + finasterida,"Cápsula dura, Venda sob prescrição médica, Prescrição Médica",3
277,altryxen,Decitabina,"Antineoplásicos, Venda sob prescrição médica, Oncologia, Injetável",3
159,pietra-ed,dienogeste,"Comprimido Revestido, Progestagenos Simples, Venda sob prescrição médica",3
81,alta-d-cal,Suplemento alimentar de Cálcio Citrato Malato + Vitamina D + Magnésio + Vitamina K.,"Comprimido, Medicamento isento de prescrição, Isento de Prescrição, Suplemento Alimentar",3
321,sibus,cloridrato de sibutramina monoidratado,"Cápsula dura, Preparações antiobesidade, excluindo produtos dietéticos, Anoréxicos Simples, Venda sob prescrição médica. O abuso deste medicamento pode causar dependência, Prescrição Médica",3
349,maq,,"Medicamento isento de prescrição, Isento de Prescrição, Alimento e Suplemento Alimentar",3
79,moviment-c,"Colágeno + vitaminas A, C, E, zinco e manganês","Medicamento isento de prescrição, Isento de Prescrição",3
9,calnate,poliestirenossulfonato de cálcio,"Pó para Suspensão, Venda sob prescrição médica, Hospitalar",3
345,alta-d-gotas,,"Solução Gotas, Vitaminas, Isento de Prescrição",3
94,neo-b,5000MCG CIANOCOBALAMINA,"Comprimido Revestido, Vitaminas, Venda sob prescrição médica, Prescrição Médica",3
165,proexty,Exemestano,"Comprimido Revestido, Antineoplásicos, Venda sob prescrição médica, Oncologia",3
11,letrozol,letrozol,"Comprimido Revestido, Antineoplásicos, Venda sob prescrição médica, Oncologia",3
139,duomo-3,mesilato de doxazosina,"Comprimido, Anti-hipertensivos, Venda sob prescrição médica, Prescrição Médica",3
145,glimepirida,glimepirida,"Comprimido, Antidiabéticos, Venda sob prescrição médica, Genéricos",3
281,vast,atorvastatina cálcica,"Comprimido Revestido, Antilipêmicos, Venda sob prescrição médica",3
127,pamidronato-dissodico,pamidronato dissódico,"Pó Liofilizado para Solução Injetável, Antineoplásicos, Venda sob prescrição médica, Oncologia",3
318,acido-zoledronico-5mg,ácido zoledrônico,"Solução Injetável, Antineoplásicos, Venda sob prescrição médica",3
64,cloridrato-de-gencitabina,cloridrato de gencitabina,"Pó Liofilizado para Solução Injetável, Antineoplásicos, Venda sob prescrição médica, Oncologia",3
296,anastrozol,anastrozol,"Comprimido Revestido, Antineoplásicos, Venda sob prescrição médica, Oncologia",3
202,doceuno,docetaxel tri-hidratado.,"Solução Injetável, Antineoplásicos, Venda sob prescrição médica, Oncologia",3
114,acido-zoledronico,ácido zoledrônico,"Solução Injetável, Antineoplásicos, Venda sob prescrição médica, Oncologia",3
62,tada-diario,tadalafila,,3
268,cabergolina,cabergolina,"Comprimido, Venda sob prescrição médica, Genéricos",3
291,bedoze,cloridrato de hidroxocobalamina,"Vitaminas, Venda sob prescrição médica, Prescrição Médica, Injetável",3
61,artico,sulfato de glicosamina + sulfato sódico de condroitina,"Pó para Solução, Outros Produtos Com Ação no Sistema Músculo Esquelético, Venda sob prescrição médica",3
222,ciprofibrato,ciprofibrato,"Comprimido, Antilipêmicos, Venda sob prescrição médica, Genéricos",3
209,altad-caps,colecalciferol,"Cápsula mole, Venda sob prescrição médica, Prescrição Médica",3
211,ferrovitan,"Colina, Ferro, Zinco, Cobre, Selênio, Vitamina A, Ácido fólico, Vitamina D","Vitaminas, Isento de Prescrição",3
286,solucao-fisiologica-de-ringer-com-lactato,cloreto de sódio+cloreto de potássio+cloreto de cálcio+lactato de sódio,"Solução Injetável, Reidratantes Parenterais, Venda sob prescrição médica, Hospitalar",3
285,hemolenta,cloreto de sódio + sulfato de magnésio heptaidratado,"Solução para Hemodiálise, Produtos para Hemodiálise, Venda sob prescrição médica, Hospitalar",3
284,maqderma,"Composição: Vitamina D3, Vitamina B1 (Tiamina), Vitamina B3 (Niacina), Vitamina B5 (Ac. Pantotênico), Vitamina B6 (Piridoxina), Vitamina H (Biotina), Vitamina B9 (Ácido Fólico), Vitamina B12 (Cianocobalamina), Colina (Bitartarato), Zinco (Bisglicinato), Cobre (Bisglicinato), Selênio (Metionina).",Isento de Prescrição,3
59,folinato-de-calcio-10mg,folinato de cálcio,"Solução Injetável, Antimetabólitos Antagonistas do Ácido Folíco, Venda sob prescrição médica, Oncologia",3
200,drospirenona-estradiol-2-mg-1-mg,drospirenona + estradiol,"Comprimido Revestido, Venda sob prescrição médica, Genéricos, Reposição Hormonal",3
221,seletiv,fulvestranto,"Solução Injetável, Antineoplásicos, Venda sob prescrição médica, Oncologia",3
103,glicose-monoidratada,glicose monoidratada,"Solução Injetável, Nutrientes Parenterais, Venda sob prescrição médica, Hospitalar",3
263,betes,Glimepirida,"Comprimido, Antidiabéticos, Venda sob prescrição médica, Prescrição Médica",3
56,irinotecano-cloridrato-de,cloridrato de irinotecano,"Solução Injetável, Antineoplásicos, Venda sob prescrição médica, Oncologia",3
68,cogmax,"Óleo de Soja (veículo), Bisglicinato de Magnésio, Dimagnésio Malato, Bitartarato de Colina, óleo de peixe (veículo), Água purificada (veículo), Bisglicinato de Zinco, Selênio Metionina, Acetato de DL Alfa Tocoferol, Pantotenato de Cálcio, Cianocobalamina, Cloridrato de Piridoxina, Mononitrato de Tiamina, Ácido Fólico, Colecalciferol, Gelificante Gelatina, Umectante Glicerina, Emulsificante Lecitina de Soja, Glaceante Cera de Abelha, Corantes Amarelo Tartrazina, Dióxido de Titânio, Óxido de Ferro Preto e Verde rápido FCF.","Cápsula dura, Medicamento isento de prescrição, Isento de Prescrição, Suplemento Alimentar",3
53,atorvastatina-calcica,atorvastatina cálcica,"Comprimido Revestido, Antilipêmicos, Venda sob prescrição médica, Genéricos",3
190,rosuvastatina-calcica,rosuvastatina,"Comprimido Revestido, Venda sob prescrição médica, Genéricos",3
313,glicofisiologico,glicose e cloreto de sódio,"Solução Injetável, Reidratantes Parenterais, Venda sob prescrição médica, Hospitalar",3
312,iban,Iban (ibandronato de sódio) monidratado,"Comprimido Revestido, Venda sob prescrição médica, Prescrição Médica",3
31,tamisa-30,gestodeno + etinilestradiol,"Drágea, Anticoncepcionais, Venda sob prescrição médica, Prescrição Médica",3
184,folinato-de-calcio,folinato de cálcio,"Pó Liofilizado para Solução Injetável, Antimetabólitos Antagonistas do Ácido Folíco, Venda sob prescrição médica, Oncologia",3
100,perosteo-km,citrato de malato de cálcio + vitamina d3 + vitamina k2 + magnésio,Isento de Prescrição,3
33,matiz,Acetato de abiraterona,"Comprimido, Antineoplásicos, Venda sob prescrição médica, Oncologia",3
307,holmes,olmesartana medoxomila,"Comprimido Revestido, Anti-hipertensivos, Venda sob prescrição médica, Prescrição Médica",3
34,altadcaps2000ui,colecalciferol,"Cápsula mole, Vitaminas, Medicamento isento de prescrição, Isento de Prescrição",3
121,aide-3,Vitamina D,"Solução Gotas, Medicamento isento de prescrição, Isento de Prescrição, Suplemento Alimentar",3
226,temozolomida,TEMOZOLOMIDA,"Cápsula dura, Citostáticos Alquilantes, Venda sob prescrição médica, Oncologia",3
262,novafibra,"Polidextrose, inulina e oligofrutose em pó","Medicamento isento de prescrição, Isento de Prescrição",3
38,mamades,desogestrel,"Comprimido Revestido, Anticoncepcionais, Venda sob prescrição médica",3
309,paclitaxel,paclitaxel,"Solução Injetável, Antineoplásicos, Venda sob prescrição médica, Oncologia",3
185,hormus,undecilato de testosterona,"Solução Injetável, Andrógenos Simples, Retenção - só pode ser vendido com retenção de receita, Prescrição Médica",3
